First name,Middle name(s),Surname,Date of birth,Email address,Phone
Jeremy,Wardell,Huddleston,13/02/1991,jwh@hotmail.com,0131 496 0470 (home)
Tabitha,,Stacey,10/09/2005,tabitha.stacey@gmail.com,07837 585417 (mobile)
Sue,Rosemary,Rogers,30/07/1965,srrogers@yahoo.co.uk,07700 900949 (mobile)
Kirsten,Aileen Louise,Jackman,28/10/1993,final_fantasy_freak1993@hotmail.com,07700 900909 (mobile)
Sylvia,Loraine,Hathaway,02/01/2004,sylvia.hathaway@gmail.com,07700 900939 (mobile)
Louis,Kennard,Payne,31/05/2000,louis.payne@gmail.com,07700 900654 (mobile)
Ulysses,,Marsden,07/05/1977,u_marsden@gmail.com,0131 496 0745 (home)
Gary,Carl,Marsden,12/10/1985,gary_the_man@yahoo.co.uk,0151 496 0777 (home)
Jamie,Eugene Korey,Butcher,21/09/1985,butch@xyz.club,079 6943 8448 (mobile)
Leighton,Alan,Buzzard,17/05/1980,leighton.buzzard@gmail.com,"0117 496 0714 (home), 0131 496 0962 (work)"
Madeleine,,Daubney,08/03/1991,mad_maddy@gmail.com,"020 7946 0501 (home), 0115 496 0961 (work)"
Natasha,Joy Bernardette Louise,Marsden,28/04/1960,tasha.marsden@gmail.com,078 8934 4229 (mobile)